<?xml version="1.0" encoding="UTF-8"?>
<project-private xmlns="http://www.netbeans.org/ns/project-private/1">
    <editor-bookmarks xmlns="http://www.netbeans.org/ns/editor-bookmarks/2" lastBookmarkId="0"/>
    <open-files xmlns="http://www.netbeans.org/ns/projectui-open-files/2">
        <group>
            <file>file:/home/namal/Desktop/ijse/Demo6/resources/hibernate.cfg.xml</file>
            <file>file:/home/namal/Desktop/ijse/Demo6/src/edu/ijse/model/Teacher.java</file>
            <file>file:/home/namal/Desktop/ijse/Demo6/src/edu/ijse/model/Student.java</file>
            <file>file:/home/namal/Desktop/ijse/Demo6/src/demo1/Demo1.java</file>
        </group>
    </open-files>
</project-private>
