[
  {
    "index": 0,
    "name": "Meyer Sanders",
    "gender": "male",
    "company": "ARCTIQ",
    "email": "meyersanders@arctiq.com",
    "phone": "+1 (961) 540-2001"
  },
  {
    "index": 1,
    "name": "Cameron Waters",
    "gender": "male",
    "company": "COLAIRE",
    "email": "cameronwaters@colaire.com",
    "phone": "+1 (958) 400-3021"
  },
  {
    "index": 2,
    "name": "Erna Hutchinson",
    "gender": "female",
    "company": "SOFTMICRO",
    "email": "ernahutchinson@softmicro.com",
    "phone": "+1 (897) 600-3969"
  },
  {
    "index": 3,
    "name": "Nell Barker",
    "gender": "female",
    "company": "QUILM",
    "email": "nellbarker@quilm.com",
    "phone": "+1 (884) 453-2980"
  },
  {
    "index": 4,
    "name": "Cheryl Torres",
    "gender": "female",
    "company": "EXOBLUE",
    "email": "cheryltorres@exoblue.com",
    "phone": "+1 (846) 550-3781"
  },
  {
    "index": 5,
    "name": "Madelyn Mcpherson",
    "gender": "female",
    "company": "ISODRIVE",
    "email": "madelynmcpherson@isodrive.com",
    "phone": "+1 (804) 437-3083"
  }
]